asset_id,category,source_relpath,sha256,license,source_record,split,vertices,faces,units,software,generation_command,claim_status
ZG001,pants_straight_sides,pants_straight_sides/pants_straight_sides_02LK7BEVSJ/pants_straight_sides_02LK7BEVSJ_sim.obj,75b27da3ee82058c8c32e4a3264daf4587882d683d8bc4bd169005ea63645c96,CC-BY-4.0,https://zenodo.org/records/5267549,calibration,9670,19182,dataset_native,Python controlled-intervention script,python scripts/run_asset_level_benchmark.py,technical
ZG002,pants_straight_sides,pants_straight_sides/pants_straight_sides_02UKVRO08W/pants_straight_sides_02UKVRO08W_sim.obj,7624d41e6074a183ab255817821c310a404fb934d470ae7ac2a2a98cb6cb4fda,CC-BY-4.0,https://zenodo.org/records/5267549,calibration,7461,14796,dataset_native,Python controlled-intervention script,python scripts/run_asset_level_benchmark.py,technical
ZG003,pants_straight_sides,pants_straight_sides/pants_straight_sides_045WSSJ15W/pants_straight_sides_045WSSJ15W_sim.obj,5066c5983eb6921bffda9fddd5e8f49be4e30b0ab4c4cdb717b77c66fb5ed35c,CC-BY-4.0,https://zenodo.org/records/5267549,calibration,8907,17644,dataset_native,Python controlled-intervention script,python scripts/run_asset_level_benchmark.py,technical
ZG004,pants_straight_sides,pants_straight_sides/pants_straight_sides_04B8EQNPWM/pants_straight_sides_04B8EQNPWM_sim.obj,4fe36a6fad487cddc6f52619cdfdeb95fdbda13b975204c7895204f164535347,CC-BY-4.0,https://zenodo.org/records/5267549,calibration,4717,9292,dataset_native,Python controlled-intervention script,python scripts/run_asset_level_benchmark.py,technical
ZG005,pants_straight_sides,pants_straight_sides/pants_straight_sides_07KDJIW25J/pants_straight_sides_07KDJIW25J_sim.obj,39a8568dac23d347b2deba5fe5590c8947c0b7109e1451b858b896d0d5ac291e,CC-BY-4.0,https://zenodo.org/records/5267549,calibration,3734,7310,dataset_native,Python controlled-intervention script,python scripts/run_asset_level_benchmark.py,technical
ZG006,pants_straight_sides,pants_straight_sides/pants_straight_sides_0A0YA5V0JM/pants_straight_sides_0A0YA5V0JM_sim.obj,9c132820390fbbbfb2ceaaf8aa3dea6f3ab25c9ad5f86581d1db77101c3d8116,CC-BY-4.0,https://zenodo.org/records/5267549,calibration,10367,20560,dataset_native,Python controlled-intervention script,python scripts/run_asset_level_benchmark.py,technical
ZG007,pants_straight_sides,pants_straight_sides/pants_straight_sides_0BKEIFTY5O/pants_straight_sides_0BKEIFTY5O_sim.obj,15498721df31591c6b75bef8903d60080400a81322a9a4d0566856579e31639b,CC-BY-4.0,https://zenodo.org/records/5267549,test,7280,14430,dataset_native,Python controlled-intervention script,python scripts/run_asset_level_benchmark.py,technical
ZG008,pants_straight_sides,pants_straight_sides/pants_straight_sides_0C35CI89LF/pants_straight_sides_0C35CI89LF_sim.obj,823bb1d06abbc6367abd5a326619f0f3322acbbd793da8ba561b7e49758cacf9,CC-BY-4.0,https://zenodo.org/records/5267549,test,8855,17564,dataset_native,Python controlled-intervention script,python scripts/run_asset_level_benchmark.py,technical
ZG009,pants_straight_sides,pants_straight_sides/pants_straight_sides_0D9GJAC8KC/pants_straight_sides_0D9GJAC8KC_sim.obj,bae4f10f9b0ebf4d720e55393f1009d4bc0d32b885f58cfe46d8568140f306fa,CC-BY-4.0,https://zenodo.org/records/5267549,test,5618,11090,dataset_native,Python controlled-intervention script,python scripts/run_asset_level_benchmark.py,technical
ZG010,pants_straight_sides,pants_straight_sides/pants_straight_sides_0DG84T2ZOB/pants_straight_sides_0DG84T2ZOB_sim.obj,d533f52f86f15248b3bd4a9729ee76c077bec37524b9b833df2a0138701fef98,CC-BY-4.0,https://zenodo.org/records/5267549,test,5270,10434,dataset_native,Python controlled-intervention script,python scripts/run_asset_level_benchmark.py,technical
ZG011,skirt_2_panels,skirt_2_panels/skirt_2_panels_01GM25EMDL/skirt_2_panels_01GM25EMDL_sim.obj,659deaf45a62ff4d2024a153cef7c376759330bf221277e0cbdda0df3b005f6e,CC-BY-4.0,https://zenodo.org/records/5267549,calibration,5282,10388,dataset_native,Python controlled-intervention script,python scripts/run_asset_level_benchmark.py,technical
ZG012,skirt_2_panels,skirt_2_panels/skirt_2_panels_03OCDHFXDM/skirt_2_panels_03OCDHFXDM_sim.obj,b8beadab225e61c347c987b0d6db39bd36c4f04342f4a908b80305d3842c5bfc,CC-BY-4.0,https://zenodo.org/records/5267549,calibration,9415,18592,dataset_native,Python controlled-intervention script,python scripts/run_asset_level_benchmark.py,technical
ZG013,skirt_2_panels,skirt_2_panels/skirt_2_panels_03Q4C6J8PM/skirt_2_panels_03Q4C6J8PM_sim.obj,454dfe4ccf1e069b5f5b4a3c0471793c0174829c8ea409329f0df8d5ae40e4fd,CC-BY-4.0,https://zenodo.org/records/5267549,calibration,4300,8450,dataset_native,Python controlled-intervention script,python scripts/run_asset_level_benchmark.py,technical
ZG014,skirt_2_panels,skirt_2_panels/skirt_2_panels_07E5AT0OKZ/skirt_2_panels_07E5AT0OKZ_sim.obj,c8824430246780dd850da6a43ac54d811bc89c80e96f21d4c793b324e4295da9,CC-BY-4.0,https://zenodo.org/records/5267549,calibration,8851,17477,dataset_native,Python controlled-intervention script,python scripts/run_asset_level_benchmark.py,technical
ZG015,skirt_2_panels,skirt_2_panels/skirt_2_panels_08KWTCSUC2/skirt_2_panels_08KWTCSUC2_sim.obj,e4042cccbe919c77ba73d57b0ce04fd9defe91d772fea36f7b8ad3a5b11d4045,CC-BY-4.0,https://zenodo.org/records/5267549,calibration,5487,10799,dataset_native,Python controlled-intervention script,python scripts/run_asset_level_benchmark.py,technical
ZG016,skirt_2_panels,skirt_2_panels/skirt_2_panels_08Q7D8AJBZ/skirt_2_panels_08Q7D8AJBZ_sim.obj,db686fe41da5a182d21a54aeddc534eefcc93496803ae9f44536208f192f19bb,CC-BY-4.0,https://zenodo.org/records/5267549,calibration,8452,16714,dataset_native,Python controlled-intervention script,python scripts/run_asset_level_benchmark.py,technical
ZG017,skirt_2_panels,skirt_2_panels/skirt_2_panels_08YRVA3MFA/skirt_2_panels_08YRVA3MFA_sim.obj,84bd40ca5dc4a8db3dd8cb9d08b94b1f6953a1dd330df00e26aab7fffbd25eb3,CC-BY-4.0,https://zenodo.org/records/5267549,test,13676,27085,dataset_native,Python controlled-intervention script,python scripts/run_asset_level_benchmark.py,technical
ZG018,skirt_2_panels,skirt_2_panels/skirt_2_panels_0AG3RA5IMQ/skirt_2_panels_0AG3RA5IMQ_sim.obj,4238928060faa02bdca13dafc5229479feb38fce918d5a15f16bca1c3d44dfe7,CC-BY-4.0,https://zenodo.org/records/5267549,test,5993,11829,dataset_native,Python controlled-intervention script,python scripts/run_asset_level_benchmark.py,technical
ZG019,skirt_2_panels,skirt_2_panels/skirt_2_panels_0CLGL0DHDB/skirt_2_panels_0CLGL0DHDB_sim.obj,40cc75046c93e52b3fd541516e7871adb31a82b44de378b075e2cb60e30eb7b0,CC-BY-4.0,https://zenodo.org/records/5267549,test,10383,20538,dataset_native,Python controlled-intervention script,python scripts/run_asset_level_benchmark.py,technical
ZG020,skirt_2_panels,skirt_2_panels/skirt_2_panels_0E9LGB17HH/skirt_2_panels_0E9LGB17HH_sim.obj,838303ec8bb66e4564d24fa3d5c6e297d281d68de299e3d30f26030fb3b792d8,CC-BY-4.0,https://zenodo.org/records/5267549,test,4757,9285,dataset_native,Python controlled-intervention script,python scripts/run_asset_level_benchmark.py,technical
