true,predicted,correct,target_cue,max_offtarget
component,topology,0,0.09057519057519058,0.17845690951950455
component,topology,0,0.17685377685377685,0.3497615194727258
component,topology,0,0.2902979902979903,0.575452980855772
component,topology,0,0.434026334026334,0.8608145980399677
silhouette,silhouette,1,0.11999999999999991,0.0
silhouette,silhouette,1,0.23999999999999982,0.0
silhouette,silhouette,1,0.39999999999999997,0.0
silhouette,silhouette,1,0.6000000000000002,0.0
topology,topology,1,0.16325508659348653,0.1428967428967429
topology,topology,1,0.4383492238957211,0.3333333333333333
topology,topology,1,0.7516236009396159,0.5
topology,topology,1,0.7516236009396159,0.5
material,material,1,0.15,0.0
material,material,1,0.3,0.0
material,material,1,0.5,0.0
material,material,1,0.75,0.0
motif,motif,1,0.15,0.0
motif,motif,1,0.3,0.0
motif,motif,1,0.5,0.0
motif,motif,1,0.75,0.0
metadata,metadata,1,0.15,0.0
metadata,metadata,1,0.3,0.0
metadata,metadata,1,0.5,0.0
metadata,metadata,1,0.75,0.0
component,topology,0,0.09018446823047142,0.17780748109951
component,topology,0,0.17729446595308584,0.3504587354458943
component,topology,0,0.2918469596902756,0.5780316682444011
component,topology,0,0.4319631063539057,0.8575119330003855
silhouette,silhouette,1,0.12000000000000004,0.0
silhouette,silhouette,1,0.23999999999999974,0.0
silhouette,silhouette,1,0.39999999999999986,0.0
silhouette,silhouette,1,0.5999999999999996,0.0
topology,topology,1,0.16130109916178073,0.1429059439763152
topology,topology,1,0.4391055288059965,0.3333523115463448
topology,topology,1,0.7540499621498864,0.5
topology,topology,1,0.7540499621498864,0.5
material,material,1,0.15,0.0
material,material,1,0.3,0.0
material,material,1,0.5,0.0
material,material,1,0.75,0.0
motif,motif,1,0.15,0.0
motif,motif,1,0.3,0.0
motif,motif,1,0.5,0.0
motif,motif,1,0.75,0.0
metadata,metadata,1,0.15,0.0
metadata,metadata,1,0.3,0.0
metadata,metadata,1,0.5,0.0
metadata,metadata,1,0.75,0.0
component,topology,0,0.09170423805229937,0.1803391054890101
component,topology,0,0.18223624887285844,0.35866811194066617
component,topology,0,0.2939585211902615,0.581647790446351
component,topology,0,0.43165013525698825,0.8570496205643077
silhouette,silhouette,1,0.12000000000000033,0.0
silhouette,silhouette,1,0.24000000000000016,0.0
silhouette,silhouette,1,0.4000000000000002,0.0
silhouette,silhouette,1,0.6000000000000003,0.0
topology,topology,1,0.16123503469807068,0.14292155094679893
topology,topology,1,0.43941402183809297,0.3333633904418395
topology,topology,1,0.7578251241845713,0.5
topology,topology,1,0.7578251241845713,0.5
material,material,1,0.15,0.0
material,material,1,0.3,0.0
material,material,1,0.5,0.0
material,material,1,0.75,0.0
motif,motif,1,0.15,0.0
motif,motif,1,0.3,0.0
motif,motif,1,0.5,0.0
motif,motif,1,0.75,0.0
metadata,metadata,1,0.15,0.0
metadata,metadata,1,0.3,0.0
metadata,metadata,1,0.5,0.0
metadata,metadata,1,0.75,0.0
component,topology,0,0.092486103124401,0.18162968796999157
component,topology,0,0.17807168870998658,0.35177433118053736
component,topology,0,0.29212190914318575,0.5784638384650578
component,topology,0,0.43636189380870233,0.864696818991765
silhouette,silhouette,1,0.12000000000000018,0.0
silhouette,silhouette,1,0.24000000000000019,0.0
silhouette,silhouette,1,0.39999999999999997,0.0
silhouette,silhouette,1,0.6000000000000002,0.0
topology,topology,1,0.16352858985913915,0.14289821736630248
topology,topology,1,0.44036930913721756,0.3333333333333333
topology,topology,1,0.7529130850047756,0.5
topology,topology,1,0.7529130850047756,0.5
material,material,1,0.15,0.0
material,material,1,0.3,0.0
material,material,1,0.5,0.0
material,material,1,0.75,0.0
motif,motif,1,0.15,0.0
motif,motif,1,0.3,0.0
motif,motif,1,0.5,0.0
motif,motif,1,0.75,0.0
metadata,metadata,1,0.15,0.0
metadata,metadata,1,0.3,0.0
metadata,metadata,1,0.5,0.0
metadata,metadata,1,0.75,0.0
component,topology,0,0.09514491415912867,0.18608968980251334
component,topology,0,0.17640760568580396,0.349072653157652
component,topology,0,0.2835887022337087,0.5643472704729571
component,topology,0,0.4252169097286321,0.8461830293037161
silhouette,silhouette,1,0.12000000000000016,0.0
silhouette,silhouette,1,0.24000000000000005,0.0
silhouette,silhouette,1,0.3999999999999999,0.0
silhouette,silhouette,1,0.6000000000000001,0.0
topology,topology,1,0.16307438358317738,0.14288351486062395
topology,topology,1,0.4383848111172845,0.333357947203249
topology,topology,1,0.752441119316595,0.5000184604024368
topology,topology,1,0.752441119316595,0.5000184604024368
material,material,1,0.15,0.0
material,material,1,0.3,0.0
material,material,1,0.5,0.0
material,material,1,0.75,0.0
motif,motif,1,0.15,0.0
motif,motif,1,0.3,0.0
motif,motif,1,0.5,0.0
motif,motif,1,0.75,0.0
metadata,metadata,1,0.15,0.0
metadata,metadata,1,0.3,0.0
metadata,metadata,1,0.5,0.0
metadata,metadata,1,0.75,0.0
component,topology,0,0.09535886380928227,0.18648219452412904
component,topology,0,0.17938963564122073,0.3545102730556523
component,topology,0,0.28582297742835405,0.5680584167729843
component,topology,0,0.42268999915462,0.8420032075487396
silhouette,silhouette,1,0.12000000000000019,0.0
silhouette,silhouette,1,0.24000000000000007,0.0
silhouette,silhouette,1,0.39999999999999986,0.0
silhouette,silhouette,1,0.6,0.0
topology,topology,1,0.16121732879292844,0.14286921971426156
topology,topology,1,0.43926981633187445,0.3333333333333333
topology,topology,1,0.7519219682480358,0.5000422689999154
topology,topology,1,0.7519219682480358,0.5000422689999154
material,material,1,0.15,0.0
material,material,1,0.3,0.0
material,material,1,0.5,0.0
material,material,1,0.75,0.0
motif,motif,1,0.15,0.0
motif,motif,1,0.3,0.0
motif,motif,1,0.5,0.0
motif,motif,1,0.75,0.0
metadata,metadata,1,0.15,0.0
metadata,metadata,1,0.3,0.0
metadata,metadata,1,0.5,0.0
metadata,metadata,1,0.75,0.0
component,topology,0,0.09022300126594605,0.1778980441170829
component,topology,0,0.17231473366442693,0.3422316186293376
component,topology,0,0.28245204012075176,0.5624559209784213
component,topology,0,0.4200019476093096,0.8375175518911893
silhouette,silhouette,1,0.12000000000000019,0.0
silhouette,silhouette,1,0.24000000000000007,0.0
silhouette,silhouette,1,0.39999999999999997,0.0
silhouette,silhouette,1,0.6000000000000003,0.0
topology,topology,1,0.16190568591849283,0.14285714285714285
topology,topology,1,0.43711393551308175,0.3333333333333333
topology,topology,1,0.7512855341030368,0.5
topology,topology,1,0.7512855341030368,0.5
material,material,1,0.15,0.0
material,material,1,0.3,0.0
material,material,1,0.5,0.0
material,material,1,0.75,0.0
motif,motif,1,0.15,0.0
motif,motif,1,0.3,0.0
motif,motif,1,0.5,0.0
motif,motif,1,0.75,0.0
metadata,metadata,1,0.15,0.0
metadata,metadata,1,0.3,0.0
metadata,metadata,1,0.5,0.0
metadata,metadata,1,0.75,0.0
component,topology,0,0.09596122778675283,0.18740119360358806
component,topology,0,0.179536887452881,0.3542271025219595
component,topology,0,0.28960689283791063,0.5743241695791155
component,topology,0,0.4282175551965536,0.8511630045627407
silhouette,silhouette,1,0.12000000000000001,0.0
silhouette,silhouette,1,0.24000000000000016,0.0
silhouette,silhouette,1,0.3999999999999995,0.0
silhouette,silhouette,1,0.6000000000000001,0.0
topology,topology,1,0.16193307146795638,0.1429186860527733
topology,topology,1,0.439158714333191,0.3333333333333333
topology,topology,1,0.7531516996053919,0.5000538502961767
topology,topology,1,0.7531516996053919,0.5000538502961767
material,material,1,0.15,0.0
material,material,1,0.3,0.0
material,material,1,0.5,0.0
material,material,1,0.75,0.0
motif,motif,1,0.15,0.0
motif,motif,1,0.3,0.0
motif,motif,1,0.5,0.0
motif,motif,1,0.75,0.0
metadata,metadata,1,0.15,0.0
metadata,metadata,1,0.3,0.0
metadata,metadata,1,0.5,0.0
metadata,metadata,1,0.75,0.0
